[
  {
    "productid":"product_8b7184fe-16d2-d898-06d9-403ff8470c79",
    "name":"Glow Elixir",
    "description":"Vitamin C face wash with papaya extract.\nGently exfoliates and brightens dull skin.\nEvens tone and fades dark spots naturally.",
    "productimage":"./images/glowElixir.jpg",
    "price":699.0,
    "tag":"BestSeller",
    "category":"Cleanser",
    "additional information":{
      "PRODUCT INFO":"Vitamin C & Papaya Extract formula.\nFor dull, uneven skin tones.\n250ml refreshing gel texture.",
      "RETURN & REFUND POLICY":"7-day return for unopened products.\nRefunds processed in 5-7 days.\n48-hour exchange for damaged items.",
      "SHIPPING INFO":"Processed in 1-2 business days.\nStandard delivery 4-7 days.\nFree shipping on orders ₹999+."
    }
  },
  {
    "productid":"product_31e94170-b65f-bdc3-4aa8-633653cf602c",
    "name":"Lunar Detox",
    "description":"Charcoal cleanser with salicylic acid.\nDeeply purifies and unclogs pores.\nIdeal for oily, acne-prone skin.",
    "productimage":"./images/lunarDetox.jpg",
    "price":699.0,
    "tag":"BestSeller",
    "category":"Cleanser",
    "additional information":{
      "PRODUCT INFO":"Activated Charcoal & Salicylic Acid.\nFor oily, acne-prone skin.\n150ml foaming gel formula.",
      "RETURN & REFUND POLICY":"7-day return for unopened products.\nRefunds processed in 5-7 days.\n48-hour exchange for damaged items.",
      "SHIPPING INFO":"Processed in 1-2 business days.\nStandard delivery 4-7 days.\nFree shipping on orders ₹999+."
    }
  },
  {
    "productid":"product_8c10238b-b070-7494-5561-6c78030761df",
    "name":"Serene Bloom",
    "description":"Lavender & oat milk body wash.\nSoothes dry, sensitive skin.\nHydrates with delicate floral scent.",
    "price":749.0,
    "tag":"BestSeller",
    "productimage":"./images/sereneBloom.jpg",
    "category":"Body wash",
    "additional information":{
      "PRODUCT INFO":"Lavender & Oat Milk formula.\nFor dry, sensitive skin types.\n250ml creamy gel texture.",
      "RETURN & REFUND POLICY":"7-day return for unopened products.\nRefunds processed in 5-7 days.\n48-hour exchange for damaged items.",
      "SHIPPING INFO":"Processed in 1-2 business days.\nStandard delivery 4-7 days.\nFree shipping on orders ₹999+."
    }
  },
  {
    "productid":"product_bb485294-6a77-f949-6345-95443da041c9",
    "name":"Silken Glow",
    "description":"Rose water body wash.\nEnriched with Vitamin E.\nLeaves skin soft and radiant.",
    "price":749.0,
    "tag":"BestSeller",
    "productimage":"./images/silkenGlow.jpg",
    "category":"Body wash",
    "additional information":{
      "PRODUCT INFO":"Rose Water & Vitamin E.\nSuitable for all skin types.\n250ml lightweight gel formula.",
      "RETURN & REFUND POLICY":"7-day return for unopened products.\nRefunds processed in 5-7 days.\n48-hour exchange for damaged items.",
      "SHIPPING INFO":"Processed in 1-2 business days.\nStandard delivery 4-7 days.\nFree shipping on orders ₹999+."
    }
  },
  {
    "productid":"product_80a9a967-d826-5411-645d-2ef03a0cfadb",
    "name":"Matte Cloud",
    "description":"Oil-control moisturizer.\nWith niacinamide and zinc.\nLightweight matte finish.",
    "price":599.0,
    "tag":"BestSeller",
    "productimage":"./images/matteCloud.jpg",
    "category":"Moisturizer",
    "additional information":{
      "PRODUCT INFO":"Niacinamide & Zinc formula.\nFor oily & combination skin.\n100ml soft cream texture.",
      "RETURN & REFUND POLICY":"7-day return for unopened products.\nRefunds processed in 5-7 days.\n48-hour exchange for damaged items.",
      "SHIPPING INFO":"Processed in 1-2 business days.\nStandard delivery 4-7 days.\nFree shipping on orders ₹999+."
    }
  },
  {
    "productid":"product_88d9c4d4-d031-d0ed-3498-797b9f34f40b",
    "name":"Silk Barrier",
    "description":"Ceramide moisturizing cream.\nWith squalane for hydration.\nStrengthens skin barrier.",
    "price":599.0,
    "tag":"none",
    "productimage":"./images/silkBarrier.jpg",
    "category":"Moisturizer",
    "additional information":{
      "PRODUCT INFO":"Ceramides & Squalane blend.\nFor dry & sensitive skin.\n100ml rich cream formula.",
      "RETURN & REFUND POLICY":"7-day return for unopened products.\nRefunds processed in 5-7 days.\n48-hour exchange for damaged items.",
      "SHIPPING INFO":"Processed in 1-2 business days.\nStandard delivery 4-7 days.\nFree shipping on orders ₹999+."
    }
  },
  {
    "productid":"product_61146cde-eada-49e6-324b-7f2c79715dc6",
    "name":"Aqua Veil",
    "description":"Water-based gel moisturizer.\nWith hyaluronic acid.\nNon-greasy hydration.",
    "price":599.0,
    "tag":"BestSeller",
    "productimage":"./images/aquaVeil.jpg",
    "category":"Moisturizer",
    "additional information":{
      "PRODUCT INFO":"Hyaluronic Acid & Green Tea.\nFor normal to oily skin.\n100ml lightweight gel.",
      "RETURN & REFUND POLICY":"7-day return for unopened products.\nRefunds processed in 5-7 days.\n48-hour exchange for damaged items.",
      "SHIPPING INFO":"Processed in 1-2 business days.\nStandard delivery 4-7 days.\nFree shipping on orders ₹999+."
    }
  },
  {
    "productid":"product_0c86b714-7b87-a625-5682-600f097598db",
    "name":"Celestial Caress",
    "description":"Ceramide body cream.\nWith cocoa butter.\nUltra-hydrating formula.",
    "price":699.0,
    "tag":"none",
    "productimage":"./images/celestialCaress.jpg",
    "category":"Body lotion",
    "additional information":{
      "PRODUCT INFO":"Ceramides & Cocoa Butter.\nRich cream texture.\n200ml size.",
      "RETURN & REFUND POLICY":"7-day return for unopened products.\nRefunds processed in 5-7 days.\n48-hour exchange for damaged items.",
      "SHIPPING INFO":"Processed in 1-2 business days.\nStandard delivery 4-7 days.\nFree shipping on orders ₹999+."
    }
  },
  {
    "productid":"product_aa2c76c1-b4c4-f528-3194-e78c7fe8f138",
    "name":"Velvet Embrace",
    "description":"Glow body lotion.\nWith niacinamide.\nShea butter enriched.",
    "price":699.0,
    "tag":"none",
    "productimage":"./images/velvetEmbrace.jpg",
    "category":"Body lotion",
    "additional information":{
      "PRODUCT INFO":"Niacinamide & Shea Butter.\nSilky cream texture.\n200ml size.",
      "RETURN & REFUND POLICY":"7-day return for unopened products.\nRefunds processed in 5-7 days.\n48-hour exchange for damaged items.",
      "SHIPPING INFO":"Processed in 1-2 business days.\nStandard delivery 4-7 days.\nFree shipping on orders ₹999+."
    }
  },
  {
    "productid":"product_c419009c-b349-2f2e-130c-c859f651c28a",
    "name":"Ethereal Silk",
    "description":"Fast-absorbing body lotion.\nWith squalane and aloe.\nNon-greasy hydration.",
    "price":699.0,
    "tag":"none",
    "productimage":"./images/etheralSilk.jpg",
    "category":"Body lotion",
    "additional information":{
      "PRODUCT INFO":"Squalane & Aloe Vera.\nLightweight cream.\n200ml size.",
      "RETURN & REFUND POLICY":"7-day return for unopened products.\nRefunds processed in 5-7 days.\n48-hour exchange for damaged items.",
      "SHIPPING INFO":"Processed in 1-2 business days.\nStandard delivery 4-7 days.\nFree shipping on orders ₹999+."
    }
  },
  {
    "productid":"product_5a82de1a-fae2-ffaa-ab91-61f9935e19a2",
    "name":"Aura Drizzle",
    "description":"Green tea body wash.\nWith oat protein.\nCreamy gel formula.",
    "price":749.0,
    "tag":"none",
    "productimage":"./images/auraDrizzle.jpg",
    "category":"Body wash",
    "additional information":{
      "PRODUCT INFO":"Green Tea & Oat Protein.\nFor normal to dry skin.\n250ml size.",
      "RETURN & REFUND POLICY":"7-day return for unopened products.\nRefunds processed in 5-7 days.\n48-hour exchange for damaged items.",
      "SHIPPING INFO":"Processed in 1-2 business days.\nStandard delivery 4-7 days.\nFree shipping on orders ₹999+."
    }
  },
  {
    "productid":"product_df19c1f7-07d8-a265-42f8-e8dfa824cc6e",
    "name":"Dewdrop cleanser",
    "description":"Sulfate-free face wash.\nWith aloe and hyaluronic acid.\nGentle on sensitive skin.",
    "price":699.0,
    "tag":"none",
    "productimage":"./images/dewDropCleanser.jpg",
    "category":"Cleanser",
    "additional information":{
      "PRODUCT INFO":"Aloe Vera & Hyaluronic Acid.\nFor dry, sensitive skin.\n150ml lightweight gel.",
      "RETURN & REFUND POLICY":"7-day return for unopened products.\nRefunds processed in 5-7 days.\n48-hour exchange for damaged items.",
      "SHIPPING INFO":"Processed in 1-2 business days.\nStandard delivery 4-7 days.\nFree shipping on orders ₹999+."
    }
  },
  {
    "productid":"product_c8539b66-7a44-fe18-affc-afec4be8562a",
    "name":"Lumine Drops",
    "description":"Vitamin C brightening serum.\nWith Vitamin E.\nReduces dark spots.",
    "price":599.0,
    "tag":"none",
    "productimage":"./images/lumineDrops.jpg",
    "category":"Serums",
    "additional information":{
      "PRODUCT INFO":"Vitamin C & Vitamin E.\nFor all skin types.\n30ml lightweight serum.",
      "RETURN & REFUND POLICY":"7-day return for unopened products.\nRefunds processed in 5-7 days.\n48-hour exchange for damaged items.",
      "SHIPPING INFO":"Processed in 1-2 business days.\nStandard delivery 4-7 days.\nFree shipping on orders ₹999+."
    }
  },
  {
    "productid":"product_ea77f230-558f-57b6-cdd1-0ba565e8f827",
    "name":"Solar Veil",
    "description":"SPF 50+ sunscreen.\nNon-greasy gel formula.\nBroad spectrum protection.",
    "price":499.0,
    "tag":"none",
    "productimage":"./images/solarVeil.jpg",
    "category":"Sunscreen",
    "additional information":{
      "PRODUCT INFO":"Zinc Oxide & Green Tea.\nFor all skin types.\n50ml lightweight gel.",
      "RETURN & REFUND POLICY":"7-day return for unopened products.\nRefunds processed in 5-7 days.\n48-hour exchange for damaged items.",
      "SHIPPING INFO":"Processed in 1-2 business days.\nStandard delivery 4-7 days.\nFree shipping on orders ₹999+."
    }
  },
  {
    "productid":"product_d99d3cc8-bc75-ec47-6c72-f713016f98f3",
    "name":"HydraPulse",
    "description":"Hyaluronic acid serum.\nWith panthenol.\nDeeply hydrates skin.",
    "price":799.0,
    "tag":"none",
    "productimage":"./images/hydraPulse.jpg",
    "category":"Serums",
    "additional information":{
      "PRODUCT INFO":"Hyaluronic Acid & Panthenol.\nFor all skin types.\n30ml gel serum.",
      "RETURN & REFUND POLICY":"7-day return for unopened products.\nRefunds processed in 5-7 days.\n48-hour exchange for damaged items.",
      "SHIPPING INFO":"Processed in 1-2 business days.\nStandard delivery 4-7 days.\nFree shipping on orders ₹999+."
    }
  },
  {
    "productid":"product_6b6778b4-c626-c00d-972c-b138d85e3f07",
    "name":"SunSilk Tint",
    "description":"Tinted mineral sunscreen.\nSPF 50+ protection.\nEvens skin tone.",
    "price":599.0,
    "tag":"none",
    "productimage":"./images/sunsilkTint.jpg",
    "category":"Sunscreen",
    "additional information":{
      "PRODUCT INFO":"Titanium Dioxide & Niacinamide.\nFor all skin types.\n50ml silky cream.",
      "RETURN & REFUND POLICY":"7-day return for unopened products.\nRefunds processed in 5-7 days.\n48-hour exchange for damaged items.",
      "SHIPPING INFO":"Processed in 1-2 business days.\nStandard delivery 4-7 days.\nFree shipping on orders ₹999+."
    }
  },
  {
    "productid":"product_1a2d7e83-4bef-31d5-09e1-3326ee271c09",
    "name":"Balance Serum",
    "description":"Niacinamide balancing serum.\nControls excess oil.\nMinimizes pores.",
    "price":799.0,
    "tag":"none",
    "productimage":"./images/balanceSerum.jpg",
    "category":"Serums",
    "additional information":{
      "PRODUCT INFO":"Niacinamide & Zinc formula.\nFor oily, acne-prone skin.\n30ml water-based serum.",
      "RETURN & REFUND POLICY":"7-day return for unopened products.\nRefunds processed in 5-7 days.\n48-hour exchange for damaged items.",
      "SHIPPING INFO":"Processed in 1-2 business days.\nStandard delivery 4-7 days.\nFree shipping on orders ₹999+."
    }
  },
  {
    "productid":"product_3fb6a3c8-988b-8755-04bd-5c59ae0b18ea",
    "name":"Nocturne Renewal",
    "description":"Retinol night serum.\nWith bakuchiol.\nReduces fine lines.",
    "price":849.0,
    "tag":"none",
    "productimage":"./images/nocturneRenewal.jpg",
    "category":"Serums",
    "additional information":{
      "PRODUCT INFO":"Retinol & Bakuchiol blend.\nFor normal to mature skin.\n30ml silky serum.",
      "RETURN & REFUND POLICY":"7-day return for unopened products.\nRefunds processed in 5-7 days.\n48-hour exchange for damaged items.",
      "SHIPPING INFO":"Processed in 1-2 business days.\nStandard delivery 4-7 days.\nFree shipping on orders ₹999+."
    }
  }
]